<?xml version="1.0" encoding="UTF-8"?>
<project-private xmlns="http://www.netbeans.org/ns/project-private/1">
    <editor-bookmarks xmlns="http://www.netbeans.org/ns/editor-bookmarks/2" lastBookmarkId="0"/>
    <open-files xmlns="http://www.netbeans.org/ns/projectui-open-files/2">
        <group>
            <file>file:/C:/Users/HP/Documents/NetBeansProjects/Mysore_banking/web/forget_change_db.jsp</file>
            <file>file:/C:/Users/HP/Documents/NetBeansProjects/Mysore_banking/web/forget_password_for_user.jsp</file>
            <file>file:/C:/Users/HP/Documents/NetBeansProjects/Mysore_banking/web/Login_user.jsp</file>
            <file>file:/C:/Users/HP/Documents/NetBeansProjects/Mysore_banking/web/forget_change_password.jsp</file>
            <file>file:/C:/Users/HP/Documents/NetBeansProjects/Mysore_banking/web/registation_db.jsp</file>
            <file>file:/C:/Users/HP/Documents/NetBeansProjects/Mysore_banking/web/deposit_verfication.jsp</file>
            <file>file:/C:/Users/HP/Documents/NetBeansProjects/Mysore_banking/web/mini_statement.jsp</file>
            <file>file:/C:/Users/HP/Documents/NetBeansProjects/Mysore_banking/web/search.jsp</file>
            <file>file:/C:/Users/HP/Documents/NetBeansProjects/Mysore_banking/web/design.jsp</file>
            <file>file:/C:/Users/HP/Documents/NetBeansProjects/Mysore_banking/web/change_password.jsp</file>
            <file>file:/C:/Users/HP/Documents/NetBeansProjects/Mysore_banking/web/change_password_input.jsp</file>
            <file>file:/C:/Users/HP/Documents/NetBeansProjects/Mysore_banking/web/deposit1.jsp</file>
            <file>file:/C:/Users/HP/Documents/NetBeansProjects/Mysore_banking/web/design1.jsp</file>
            <file>file:/C:/Users/HP/Documents/NetBeansProjects/Mysore_banking/web/Approved_database.jsp</file>
            <file>file:/C:/Users/HP/Documents/NetBeansProjects/Mysore_banking/src/java/user/Connection_for_all.java</file>
            <file>file:/C:/Users/HP/Documents/NetBeansProjects/Mysore_banking/web/manager_homepage.jsp</file>
            <file>file:/C:/Users/HP/Documents/NetBeansProjects/Mysore_banking/web/FREE.JSP.jsp</file>
            <file>file:/C:/Users/HP/Documents/NetBeansProjects/Mysore_banking/web/design2.jsp</file>
            <file>file:/C:/Users/HP/Documents/NetBeansProjects/Mysore_banking/web/manager_logout.jsp</file>
            <file>file:/C:/Users/HP/Documents/NetBeansProjects/Mysore_banking/web/index1.jsp</file>
            <file>file:/C:/Users/HP/Documents/NetBeansProjects/Mysore_banking/web/Login_db.jsp</file>
            <file>file:/C:/Users/HP/Documents/NetBeansProjects/Mysore_banking/web/withdraw_db.jsp</file>
            <file>file:/C:/Users/HP/Documents/NetBeansProjects/Mysore_banking/web/user_account_homepage.jsp</file>
            <file>file:/C:/Users/HP/Documents/NetBeansProjects/Mysore_banking/web/manager_dbconnection.jsp</file>
            <file>file:/C:/Users/HP/Documents/NetBeansProjects/Mysore_banking/web/Approve.jsp</file>
            <file>file:/C:/Users/HP/Documents/NetBeansProjects/Mysore_banking/web/forget_password_db.jsp</file>
            <file>file:/C:/Users/HP/Documents/NetBeansProjects/Mysore_banking/web/about.jsp</file>
            <file>file:/C:/Users/HP/Documents/NetBeansProjects/Mysore_banking/web/index.jsp</file>
            <file>file:/C:/Users/HP/Documents/NetBeansProjects/Mysore_banking/web/customerhome.jsp</file>
        </group>
    </open-files>
</project-private>
